{
  "train_loss": [
    1.9056224350432667,
    0.718930424210873,
    0.5748919546103558,
    0.5242121396763595,
    0.4774620394407034,
    0.45634163815156875,
    0.43592838310581306,
    0.41209562858285054,
    0.39898115203769047,
    0.39496232681018106,
    0.43669805894339875,
    0.4195444687683665,
    0.4138407475854221,
    0.3953802072112464,
    0.3851032389738792,
    0.38924657296877424,
    0.3592244045639959,
    0.3460612980041899,
    0.33125535515110943,
    0.3250013688101547
  ],
  "val_loss": [
    0.7156525424992045,
    0.511941445680956,
    0.4539166925630222,
    0.4215894757847612,
    0.40131751738954335,
    0.3759624605299905,
    0.3629415263615859,
    0.34762560069793835,
    0.3517554961921026,
    0.3507876345538534,
    0.3811448529401484,
    0.39654501593516517,
    0.36516933150899905,
    0.3670268895220943,
    0.35423380316933617,
    0.3553629490294649,
    0.38011362326021,
    0.339643139479449,
    0.3584799751988612,
    0.3379869273242851
  ],
  "train_obj": [
    0.47223502945693047,
    0.12560138193950943,
    0.08481771406724899,
    0.07608030158046045,
    0.06771343409147401,
    0.0657975459909369,
    0.06448545672253926,
    0.06148363674249321,
    0.06126467009416019,
    0.05789430913268218,
    0.06287118067291189,
    0.06047632109711712,
    0.0599273265853591,
    0.056981084342683015,
    0.05670474701084422,
    0.06298963077395554,
    0.052845799425420795,
    0.05208878945778275,
    0.04961793598993228,
    0.05060475189885394
  ],
  "val_obj": [
    0.15608792643373212,
    0.08460740725665043,
    0.07092497182505515,
    0.06441653854562901,
    0.06251860416765946,
    0.060111514350865036,
    0.05924070761345016,
    0.056956185619734846,
    0.05653845707517272,
    0.056301539196283557,
    0.06104814904392697,
    0.05846547694576051,
    0.05855873785670459,
    0.05785367342953881,
    0.06029392967320746,
    0.055028580805810634,
    0.05798128953756532,
    0.05480397427769882,
    0.055147378508991096,
    0.05653063856758914
  ],
  "train_bbox": [
    0.0723637401810477,
    0.014890460795978416,
    0.012931314401051148,
    0.011832087031124454,
    0.011164664862883951,
    0.010498877294170738,
    0.01030460588776372,
    0.00996846300802712,
    0.009717242975019478,
    0.009456348614840198,
    0.010636080274528387,
    0.010189777246023522,
    0.01020720411023732,
    0.009852133843837116,
    0.00973930427387945,
    0.009517080698465805,
    0.009287001934029737,
    0.009145819361729408,
    0.009038835581030158,
    0.008939706414837854
  ],
  "val_bbox": [
    0.012454862836117778,
    0.011394971988920588,
    0.009452333333077453,
    0.009142032822637702,
    0.008320428941866945,
    0.00826563073254268,
    0.007713965679310301,
    0.007866567887807227,
    0.007869217232534234,
    0.008029735263941499,
    0.008644882625958417,
    0.00786711384140896,
    0.008307117467362938,
    0.008415706297455472,
    0.0077513334066073485,
    0.007803250993068407,
    0.007195451181663278,
    0.007405223925161408,
    0.007545558931572789,
    0.007452742964839369
  ],
  "train_class": [
    0.2996668364364583,
    0.19663767858688935,
    0.17029997714548,
    0.15644555090543838,
    0.14310592328159666,
    0.13612608013263708,
    0.1277172199199091,
    0.11964301970992801,
    0.11393279846640844,
    0.11594598283699202,
    0.12888764806638273,
    0.12382147005683047,
    0.12147503692713073,
    0.11607868494497235,
    0.11149861196719302,
    0.10784095408830871,
    0.10354889802580484,
    0.09807731153616579,
    0.09341265262059725,
    0.08954666624125197
  ],
  "val_class": [
    0.17060118889397322,
    0.14287588548419686,
    0.1324025398644153,
    0.12352311723225284,
    0.11733908209619888,
    0.1072056388487302,
    0.1029451408564152,
    0.09719019506883342,
    0.099666247338367,
    0.0990179395400143,
    0.10791207050836722,
    0.12013924582667339,
    0.1032581344358429,
    0.10462050526014839,
    0.09744463786288786,
    0.10314476592429855,
    0.11408689488598611,
    0.09650453439462581,
    0.10522871190187288,
    0.09383096742688697
  ],
  "train_precision": [
    0.03898333114731662,
    0.10021164021164021,
    0.11937986897331454,
    0.12606841098890323,
    0.13535863509749305,
    0.13730045584948167,
    0.14168722955333835,
    0.14402621621132294,
    0.14883824926866535,
    0.14927468413664016,
    0.14102174651108768,
    0.14662996577890194,
    0.14288805929773304,
    0.1512844177818797,
    0.15452205384272968,
    0.15400552486187846,
    0.16303405447910155,
    0.16117764471057885,
    0.1658870835384868,
    0.169132885683495
  ],
  "val_precision": [
    0.08011840636676858,
    0.11766799544419135,
    0.12685448823617562,
    0.11831658821049673,
    0.147002606429192,
    0.13745036064510902,
    0.1406940579472909,
    0.15771658585673773,
    0.15423774225238904,
    0.15216057498466123,
    0.15742835595776772,
    0.16665015357178242,
    0.15775893844452635,
    0.1563718820861678,
    0.14826525380276875,
    0.16345244847797316,
    0.1808329791755206,
    0.1712153936775967,
    0.16631498177632842,
    0.19114270092946967
  ],
  "train_recall": [
    0.5540606257091911,
    0.6139384116693679,
    0.6251926352502231,
    0.625222888636732,
    0.630064829821718,
    0.6323767833981842,
    0.6425559519948103,
    0.6446515397082658,
    0.6474831806760153,
    0.6463770465229373,
    0.6395980225301888,
    0.6388978930307941,
    0.6420583468395462,
    0.6375496313102665,
    0.6470540562444282,
    0.6510948905109489,
    0.6557456816154408,
    0.6546412646939602,
    0.6553205284058675,
    0.661506038745238
  ],
  "val_recall": [
    0.6128433556050482,
    0.6135857461024499,
    0.6284335560504826,
    0.6250927988121752,
    0.6280623608017817,
    0.629547141796585,
    0.6380846325167038,
    0.6399406087602079,
    0.6410541945063103,
    0.6443949517446177,
    0.6198960653303638,
    0.6243504083147736,
    0.635486265775798,
    0.6399406087602079,
    0.6440237564959168,
    0.641796585003712,
    0.6317743132887899,
    0.6473645137342242,
    0.643652561247216,
    0.6488492947290274
  ],
  "train_f1": [
    0.07284157809211751,
    0.17229929497384577,
    0.20047856845609652,
    0.20982768234798096,
    0.2228432215534537,
    0.22561566381791096,
    0.23217791321163816,
    0.23544906989478043,
    0.2420386025512832,
    0.24253759712908474,
    0.23109132968287896,
    0.23851878743873656,
    0.2337547389694493,
    0.24454148471615714,
    0.24946881639795024,
    0.24909243228148562,
    0.26114197132153466,
    0.25866901577640744,
    0.26475451434932795,
    0.26938883295647725
  ],
  "val_f1": [
    0.14171065619501308,
    0.197467447138932,
    0.21109725685785533,
    0.19897205647781646,
    0.23824274852154315,
    0.22563693208275126,
    0.23055257510729613,
    0.2530642201834862,
    0.24865020516881428,
    0.24618875416578026,
    0.2510900616448654,
    0.2630796903104715,
    0.2527683448988631,
    0.2513302718857059,
    0.24103917754931922,
    0.26054852320675104,
    0.2811828845200727,
    0.270807453416149,
    0.2643292682926829,
    0.29529521074415066
  ]
}