{
  "train_loss": [
    2.11053592917767,
    0.9162964591921243,
    0.7664336656519574,
    0.6786371436625018,
    0.6229981417201401,
    0.5586896684492155,
    0.5103857314166136,
    0.4705251120906928,
    0.43976356271416583,
    0.42507853101592713,
    0.61054815991061,
    0.573603672216347,
    0.5401919479466232,
    0.5006796243534843,
    0.494192281185179,
    0.47277077218186014,
    0.45698315198851325,
    0.4273973849392418,
    0.41271293184575014,
    0.3779001722919514
  ],
  "val_loss": [
    1.4041020876417558,
    0.7482755853949735,
    0.6714695033927759,
    0.5789576082412774,
    0.6111329402386522,
    0.5025309624616057,
    0.5099222915208278,
    0.42623889391931397,
    0.416262556022654,
    0.40598897765933845,
    0.5154305142350495,
    0.488526911707595,
    0.47240076287804794,
    0.47973946559553343,
    0.4265784552359643,
    0.5152153231902048,
    0.464916046980458,
    0.4539820652765532,
    0.429293355885117,
    0.41072480054572225
  ],
  "train_obj": [
    0.3140029936511599,
    0.146679162113507,
    0.11701095673544509,
    0.10407843953259248,
    0.09559006457063729,
    0.08687799348738899,
    0.07962056828145468,
    0.0755925666763002,
    0.07153409906878884,
    0.07086853920675039,
    0.09619072852093072,
    0.09238448702028357,
    0.08807335072796696,
    0.07933381165055535,
    0.07884606153548832,
    0.07333266596630016,
    0.07326399766363428,
    0.06750655672690244,
    0.06783531945196689,
    0.06119009490674497
  ],
  "val_obj": [
    0.3298964611797904,
    0.13353296008426696,
    0.10388896246634734,
    0.10360024383893081,
    0.08997474142233841,
    0.07550834905608401,
    0.08334139912282505,
    0.07322022408819369,
    0.07363231949178346,
    0.07210726559181542,
    0.09788403954977791,
    0.0775874794999254,
    0.0808653079875512,
    0.0835185448959237,
    0.0752303729726312,
    0.08302920939361987,
    0.06812948332177864,
    0.07824753535775623,
    0.06967103030425885,
    0.07042223309933131
  ],
  "train_bbox": [
    0.17087916283130913,
    0.01983065867727708,
    0.01688634613614888,
    0.014763413889665775,
    0.013479947365668142,
    0.012402053844065834,
    0.011450597235303547,
    0.010678134591752519,
    0.009923400524623007,
    0.009510172835604912,
    0.015163436582732283,
    0.012884126012609836,
    0.012333751048878136,
    0.01167024016787829,
    0.011398400171307381,
    0.01064240774358774,
    0.010370614240793375,
    0.009796320734110693,
    0.009856534784154972,
    0.00900173561688208
  ],
  "val_bbox": [
    0.049264491479940865,
    0.01678996862877587,
    0.012563058911837288,
    0.012372394156651959,
    0.012929096120691005,
    0.01207772680936614,
    0.010597624475243114,
    0.010773238078400027,
    0.008217264670747682,
    0.008187577707152135,
    0.014280981415140559,
    0.011677441173863675,
    0.009822551048576619,
    0.013169690517922087,
    0.009075246970193499,
    0.01102483514417448,
    0.010613585154108781,
    0.010348005428871451,
    0.009320365341409342,
    0.008552794885569407
  ],
  "train_class": [
    0.3995066444824417,
    0.27180775052222267,
    0.2324331836777031,
    0.20571330418937483,
    0.18894911154245275,
    0.16766273304986928,
    0.15267110290787989,
    0.13831371985884824,
    0.12850088111155178,
    0.12265038066663574,
    0.17875647816644338,
    0.16864909689710764,
    0.1573551215506748,
    0.14766552022471607,
    0.14545327910062547,
    0.14176790512710274,
    0.1344863498376939,
    0.12659949450550262,
    0.11880807693336422,
    0.10975651990221803
  ],
  "val_class": [
    0.27362560224719346,
    0.20702489497489296,
    0.20671967105590738,
    0.1611337722861208,
    0.18973353568677945,
    0.1516016793854457,
    0.1504244976482975,
    0.11835274759262877,
    0.11806442934660784,
    0.11451206810306758,
    0.1312692555899654,
    0.14332109339738963,
    0.13568997128944224,
    0.13001180729285503,
    0.11990836064069299,
    0.15252878279958773,
    0.14310136913021174,
    0.12804748626755705,
    0.1263349176151678,
    0.11783457866113167
  ],
  "train_precision": [
    0.012579776235344085,
    0.03574343071650073,
    0.046293668638622686,
    0.05541323650110677,
    0.06253828690857988,
    0.07078904027549034,
    0.08010976365406745,
    0.08365503968660677,
    0.09327236281633676,
    0.09481972858010938,
    0.06919548167513441,
    0.07425763191870392,
    0.07755171897396401,
    0.08441468642680987,
    0.08829799976045036,
    0.09617936988596096,
    0.10105193075898801,
    0.10746488029622092,
    0.1089762663832802,
    0.11731622788350458
  ],
  "val_precision": [
    0.014380245138241342,
    0.03598669055541336,
    0.04966203201064687,
    0.04545042458674564,
    0.058383697505036414,
    0.07105384261389784,
    0.09060734874512316,
    0.10589223413877762,
    0.10728798007602569,
    0.10329822791196316,
    0.06970486111111111,
    0.0803769401330377,
    0.07032484635645303,
    0.08356661482633489,
    0.10048447873676655,
    0.0921936929174565,
    0.105487724826047,
    0.10351902511812981,
    0.11405835543766578,
    0.1279962400125333
  ],
  "train_recall": [
    0.3650072969028701,
    0.4790957705396208,
    0.5156009401085988,
    0.5418727199027159,
    0.5626975763962065,
    0.5747163695299838,
    0.5869477097689502,
    0.5952516003565351,
    0.6032247609787716,
    0.6075107470192229,
    0.568533679176461,
    0.5783327927343497,
    0.5880921479558728,
    0.5938386704499392,
    0.5976005188067445,
    0.6053037061065607,
    0.6154906731549067,
    0.6166572054172411,
    0.6235608886006162,
    0.6256992298338062
  ],
  "val_recall": [
    0.47512991833704527,
    0.5219005196733482,
    0.526354862657758,
    0.5582776540460282,
    0.5593912397921307,
    0.5731254639940608,
    0.5775798069784707,
    0.6083890126206385,
    0.6076466221232368,
    0.6080178173719376,
    0.5961395694135115,
    0.5920564216778025,
    0.5946547884187082,
    0.5983667409057164,
    0.623608017817372,
    0.5957683741648107,
    0.5965107646622123,
    0.6180400890868597,
    0.6224944320712695,
    0.6065330363771344
  ],
  "train_f1": [
    0.024321331136382046,
    0.0665237862193496,
    0.08495920302338311,
    0.10054454105117482,
    0.11256597562854201,
    0.12605198844701174,
    0.14097808413899193,
    0.1466940910997064,
    0.16156333412903362,
    0.16403674948806954,
    0.12337513851999082,
    0.13161585590905733,
    0.13703290679872226,
    0.14781704991474032,
    0.15386220858639615,
    0.16598470023127554,
    0.17360173853368405,
    0.18303265173488667,
    0.1855287122025353,
    0.19758585819796984
  ],
  "val_f1": [
    0.027915598931355975,
    0.06733071544871179,
    0.0907607130284507,
    0.08405756601928181,
    0.10573212656984494,
    0.12643301670488044,
    0.15664166708612268,
    0.1803874092009685,
    0.18237522281639926,
    0.1765942536790469,
    0.1248154192896557,
    0.14153873458159552,
    0.12577530030619452,
    0.14665211062590974,
    0.17307989491577805,
    0.1596776600507387,
    0.179272646140116,
    0.17733517946533173,
    0.19279186066563198,
    0.21138421733505816
  ]
}